المساحة_متر_مربع,عدد_الغرف,عمر_المنزل_سنة,الطابق,المسافة_من_المترو_كم,يوجد_جراج,يوجد_حديقة,تقييم_الحي,عدد_الحمامات,تم_التجديد,السعر_جنيه
174.83570765056163,4,16.0,2,2.5340039438375395,1,0,8.0,3,0,1569784
143.08678494144075,1,5.0,6,2.326996115999206,1,0,3.0,2,0,1216747
182.38442690503462,3,3.0,11,2.8121113533088824,1,1,3.0,3,0,1612739
226.15149282040127,5,19.0,2,4.162575141425078,1,0,1.0,1,1,1840145
138.2923312638332,3,26.0,13,3.1761913862970506,0,0,3.0,1,0,1126035
138.29315215254098,3,14.0,10,2.465886888309054,0,0,1.0,1,0,1116627
228.96064077536957,6,,5,4.796937585234618,1,1,8.0,3,0,2064559
188.37173645764545,1,13.0,14,3.6648943938205036,1,1,1.0,1,0,1569423
126.5262807032524,6,10.0,5,1.8614023420949775,1,1,5.0,2,1,1210120
177.12800217929822,1,38.0,6,0.1743193964706422,1,0,9.0,3,0,1497253
126.82911535937689,1,,6,0.5182539786193017,0,0,7.0,3,1,1155977
126.71351232148716,2,25.0,14,3.399848672473451,0,0,4.0,1,1,1059871
162.0981135783017,4,15.0,6,1.054531281120528,1,1,9.0,1,0,1499146
54.33598776711011,2,4.0,14,0.48791678433207775,0,0,9.0,2,1,642965
63.75410837434836,4,9.0,2,0.8628720099692007,0,0,2.0,3,1,611532
121.88562353795136,6,2.0,14,0.96892353186395,0,1,10.0,1,1,1286300
99.35844398327882,4,12.0,10,3.2759715016733764,1,1,10.0,2,0,1017700
165.7123666297637,6,29.0,14,1.7648868863265859,0,0,6.0,1,0,1452683
104.59879622393944,3,5.0,13,0.1,1,0,4.0,3,0,1006925
79.38481493323543,3,16.0,14,2.0465673466435352,1,0,8.0,1,1,812822
223.28243844607772,4,18.0,3,2.3333991986723626,1,1,7.0,3,0,1941248
138.7111849756732,4,34.0,14,1.2809947078387225,1,1,7.0,1,0,4288429
153.3764102343962,6,25.0,6,3.7338276262890497,1,0,10.0,3,0,1423647
78.76259068932715,2,4.0,13,1.368591671461573,1,0,9.0,2,0,826444
122.78086377374086,6,28.0,8,3.6625065299557256,1,1,5.0,3,0,1112316
155.5461294854933,2,36.0,12,2.8951741695124644,0,1,6.0,2,0,1258755
92.45032112888487,3,19.0,13,3.3899082620666108,0,0,1.0,3,0,799586
168.7849009172836,1,20.0,11,0.3521737387904076,1,0,6.0,2,1,1473714
,4,9.0,12,2.1474652883571537,0,0,2.0,1,0,1009030
135.41531251033615,2,4.0,1,1.9207579931378465,0,0,6.0,3,1,1216585
119.91466938853016,6,35.0,1,0.1,0,1,9.0,1,0,1079499
242.6139092254469,3,5.0,11,3.657591094704364,1,1,8.0,2,0,2124812
149.3251387631033,2,25.0,13,0.7738986546389752,0,1,9.0,3,1,1363935
97.11445355220499,6,3.0,2,1.0856482567460257,0,0,10.0,3,1,1024240
191.12724560515946,4,38.0,11,0.4800262466034111,0,1,8.0,1,0,1613068
88.95781750144889,4,38.0,12,3.05177948910556,1,0,3.0,3,1,805496
160.44317975023776,5,34.0,12,0.1,1,0,8.0,3,1,1425954
52.016493806011226,1,0.0,6,2.926812200696852,0,0,6.0,1,1,525690
,5,23.0,9,3.566770979365191,1,0,6.0,3,0,814768
159.84306179345617,3,35.0,4,2.8057676414386408,1,1,6.0,1,0,1348837
186.92332899977052,2,5.0,3,3.0689427257696433,1,0,3.0,1,1,1613236
158.56841405949854,3,30.0,12,3.139319704367064,0,0,10.0,1,1,1417864
144.21758588058796,6,19.0,8,0.5758635099113538,0,0,1.0,1,0,1254113
134.94481522053556,4,23.0,11,4.152102469496516,1,0,4.0,1,1,1149231
76.07390048162863,5,24.0,10,1.309885618799752,0,0,10.0,2,0,728898
114.00778958026457,5,35.0,14,1.900418573615042,1,0,6.0,2,0,1023396
126.96806145201063,5,20.0,9,1.5010440224735615,0,1,10.0,1,0,1159654
202.85611131094578,3,,12,2.737313181315964,0,0,2.0,2,1,1613421
167.18091447842306,4,23.0,11,1.1929441352938666,0,0,7.0,2,0,1451229
61.8479922318633,2,29.0,5,2.100373586356053,0,0,7.0,3,1,581322
166.20419846973977,6,21.0,9,0.1469842742809926,1,1,4.0,1,0,1515681
130.74588597918418,2,27.0,2,3.7469978127523573,0,0,4.0,2,1,1077360
116.15389998470206,3,6.0,3,3.006111418925305,1,0,1.0,3,1,1073574
,6,34.0,7,1.5616103571473459,0,0,2.0,3,1,1520289
201.54997612479755,5,27.0,7,1.2962764549612844,0,0,9.0,1,1,7029004
196.56400595580993,1,13.0,6,2.966942369476545,0,0,10.0,1,0,1683220
108.03912383886808,3,9.0,6,0.9390599290460573,1,1,8.0,3,0,1089487
134.53938120743928,3,15.0,2,2.1880479736477536,0,0,8.0,1,0,1176632
166.5631715701782,4,15.0,10,3.7420981811471092,1,0,9.0,1,0,1514580
198.77725635611796,2,30.0,6,0.7831143212942113,1,1,7.0,3,1,1722488
126.04128810773551,3,24.0,4,2.5529012436803042,0,1,9.0,3,0,4182891
140.71705116680914,3,12.0,12,2.4735879004032384,1,0,10.0,1,0,1295461
94.68325129969858,5,5.0,3,1.8539947720059757,0,0,2.0,2,0,900215
90.18966879596647,5,8.0,13,1.2443156238440949,1,0,6.0,1,0,917388
,6,35.0,11,3.8221955853415777,1,0,3.0,2,0,1565099
217.81200142854115,1,19.0,13,1.1036470463495507,0,1,6.0,3,1,1901719
146.3994939209833,4,17.0,2,0.1,1,1,3.0,2,0,1274732
200.17664489460122,1,20.0,1,2.9608003874465507,1,1,8.0,3,0,1711001
168.0818012523817,6,3.0,11,0.19804497534824894,0,0,4.0,1,1,1538436
117.74401226974379,5,32.0,11,3.0378217172826307,1,0,10.0,1,1,1114649
168.0697802754207,2,26.0,5,4.002354871765166,0,0,6.0,3,0,1386214
226.90182832329845,5,6.0,2,2.9446248175980116,1,1,9.0,3,1,2042997
148.20869804450243,4,5.0,2,3.607116952831237,0,0,2.0,3,0,1269553
228.2321827907003,5,14.0,7,5.0300736603944705,0,0,2.0,1,0,6480593
40.0,4,17.0,8,3.4501406939134203,0,1,7.0,1,0,452836
191.09512521876118,4,31.0,13,2.4958600889381537,1,1,2.0,2,0,1569758
154.35235341190855,4,10.0,10,4.450922275285472,0,1,2.0,3,1,1335098
135.04963247670662,6,19.0,8,4.632163317269877,0,0,4.0,2,0,1139449
154.58803882677512,4,23.0,14,4.653157674889131,0,1,9.0,1,0,1363275
50.621554269955354,4,14.0,4,1.261784727205996,1,1,8.0,2,1,580845
139.01640560812442,2,6.0,14,0.1,0,0,2.0,2,0,1172876
167.85562857558733,1,20.0,1,1.17021172484767,0,0,8.0,1,0,1383181
223.89470223707582,3,25.0,11,3.0554624236897627,1,0,4.0,1,1,1835778
124.08648908631763,1,13.0,7,2.2387384179981584,1,1,2.0,3,0,1068226
109.57531985534061,4,36.0,1,1.6902785222347294,0,0,10.0,2,1,939950
124.91214782077317,2,20.0,11,2.840722098207403,1,0,7.0,1,0,1102278
195.7701058851037,5,17.0,4,0.1,0,0,6.0,1,1,1696420
166.43755548298424,2,4.0,8,2.211753948037312,0,1,10.0,2,0,1495327
123.51198981164806,4,2.0,2,3.6776864672718155,0,0,5.0,1,1,1102459
175.66337165566782,2,22.0,6,2.8239734668373426,1,0,1.0,3,0,1429507
154.85387746740201,2,25.0,13,3.037714732750593,1,0,2.0,3,1,1316387
198.43224952664445,4,36.0,6,4.396059184928772,0,1,8.0,2,0,1678631
114.89734530613238,6,23.0,12,1.9007850726894995,1,0,1.0,3,0,1041251
133.61689267011158,2,18.0,9,1.0203625079744953,0,0,3.0,1,0,1145406
130.3945923433921,3,24.0,5,3.784272563997563,1,1,2.0,1,1,1118389
76.82425259339408,3,20.0,10,3.7566809465508904,1,0,5.0,1,1,717347
164.8060138532288,2,11.0,4,2.837437512133695,1,1,4.0,1,0,1399608
163.05276360899447,6,,5,1.7594434991263277,1,0,7.0,2,0,1419871
150.25567283212305,5,3.0,12,2.0020694765119775,0,0,5.0,3,1,1401810
138.27064333124267,4,6.0,12,0.1,1,0,8.0,3,0,1307376
79.23146289747929,3,21.0,10,3.6694197953108043,1,0,4.0,1,1,724076
128.96773386173206,5,32.0,11,3.6164769642937156,1,1,6.0,2,1,1170433
132.86427417366153,2,16.0,5,0.1,1,0,4.0,1,1,1152552
109.88613653891906,5,23.0,8,3.3014481258592037,1,1,2.0,1,0,937654
141.93571441669954,1,33.0,10,2.6061524825135125,0,0,1.0,2,0,1133131
170.20254284072692,3,27.0,12,0.46703883441380567,1,0,1.0,2,1,1404953
244.3092950605265,2,38.0,8,0.1909996983912956,1,0,8.0,1,1,2044591
158.72889064159196,4,21.0,2,2.5602399041025836,1,1,4.0,3,1,1427801
162.8775195361382,6,16.0,7,1.4034438291396232,0,0,5.0,1,0,1428374
,2,33.0,8,4.729923275824506,1,0,8.0,3,0,1225912
54.06143923504793,4,5.0,11,3.4288975919733593,1,0,7.0,3,0,592217
148.67430622753915,6,5.0,6,2.7105397050983413,0,0,8.0,2,1,1398306
153.01151049705132,6,33.0,5,2.7846185060035915,0,0,8.0,2,0,1266025
273.1621056242643,2,0.0,11,3.996300770550751,1,1,6.0,1,0,2340724
140.38195176094388,5,9.0,9,3.2697771375910065,1,0,10.0,3,0,1343594
165.07736711668062,5,20.0,13,2.7496496577440337,0,1,2.0,3,0,1435024
148.26441151473784,6,4.0,3,0.529608235553735,1,0,6.0,1,1,1380012
91.5660981190234,5,1.0,12,6.592920448109329,0,1,1.0,1,0,811316
207.14114072575103,1,21.0,13,0.34522586403765043,0,1,1.0,1,0,1683105
187.5966516343387,6,1.0,13,1.5311858943497532,1,0,3.0,2,0,1691635
,6,9.0,10,0.1,1,1,3.0,1,0,1667760
104.53062726026306,4,33.0,4,2.8081972381538933,1,0,5.0,1,0,869829
220.13971554680495,5,15.0,9,2.2266656559272113,0,1,1.0,3,0,1881303
79.90744686038596,6,38.0,6,3.14791465754714,1,1,10.0,1,1,812263
,1,21.0,8,0.1,1,0,6.0,3,0,1500661
259.5227812904989,4,11.0,7,3.6693585010713976,0,0,7.0,3,0,2219492
100.47318374346558,2,23.0,11,0.7888468977955783,0,0,10.0,2,0,888489
121.6851135198614,6,39.0,2,1.776492200954202,1,0,3.0,1,1,1031129
154.98256825438207,1,37.0,3,3.397356903021597,0,0,4.0,1,0,1191947
124.82621729419004,3,9.0,1,2.391900026197849,1,0,10.0,3,1,1228749
72.46682844669337,1,34.0,9,2.497913835000296,1,0,10.0,2,0,613993
153.42814874030137,1,31.0,13,3.198768229858099,1,1,10.0,2,1,1379067
96.88481431369476,4,6.0,7,2.6431859599080862,1,0,10.0,1,0,987168
173.67962153175907,2,20.0,1,1.488338146176924,1,0,10.0,3,1,1543390
104.02878828830984,3,19.0,3,1.7502963076471567,1,0,3.0,1,0,890046
227.496720250877,5,25.0,4,2.317818017977734,0,0,1.0,1,0,1770392
110.83733538318815,5,3.0,4,0.6566658596804977,0,0,8.0,1,1,1031486
133.89692418971623,1,21.0,5,3.4940129890830045,0,0,10.0,1,0,1157394
190.67586086848348,4,14.0,14,2.4329808962112263,1,1,10.0,3,1,1766165
88.45678417830223,4,39.0,3,2.112164401882953,1,1,2.0,2,0,726833
161.37299673020647,5,20.0,3,3.7887448385472062,1,0,1.0,1,1,1363368
215.3571377141214,3,14.0,1,1.8198295351829454,0,1,8.0,1,1,1856980
69.62583827193862,2,21.0,7,1.7263685042713746,0,0,7.0,1,1,634022
159.2316929266152,3,27.0,11,1.2730568539940534,1,1,7.0,1,1,1426559
162.99413971242117,6,13.0,10,2.5146005133889027,1,1,4.0,2,1,1467926
189.09114358886552,6,26.0,14,2.462675162497272,1,0,9.0,2,1,1739226
88.1524644560959,2,39.0,1,1.0005736992351397,1,0,6.0,2,0,729610
83.97716934578618,5,27.0,2,1.7334590343298997,1,0,2.0,2,0,709837
176.09707828084487,2,25.0,13,1.0105965972211506,0,0,1.0,1,1,1405888
164.8492336616593,4,1.0,4,0.9426973192767643,0,1,1.0,3,1,1464105
,6,24.0,13,0.1,1,0,9.0,2,1,1520270
167.3224104748488,1,2.0,4,1.653634619477667,1,1,4.0,2,1,1454373
115.99876392107547,1,7.0,5,0.1,0,1,5.0,1,1,1034153
161.6126848580502,5,32.0,11,1.3057764704907333,1,0,3.0,1,0,1343271
,4,34.0,2,1.0809580311835874,1,1,4.0,1,0,1403818
114.2824290986816,3,5.0,4,3.5778425858984066,1,1,8.0,1,0,1082246
243.28872555723783,4,38.0,1,0.4775977905355373,1,1,4.0,3,0,2049876
173.69164604558938,1,22.0,2,0.8582204227782868,1,1,9.0,3,0,1509468
90.43482513986757,1,24.0,1,1.4277137912126414,0,1,9.0,2,1,824234
182.82768043169148,6,18.0,10,1.1297845227458359,1,0,6.0,3,1,1674314
101.26591648863393,4,4.0,10,4.053882196132815,1,1,2.0,2,0,951779
189.3542301871226,4,10.0,13,0.2921489404255708,0,0,10.0,2,0,1722916
207.9297789503702,1,11.0,4,,1,1,7.0,3,0,1788235
108.96588408241448,3,9.0,4,2.4980978737466097,0,1,9.0,2,0,1008549
198.16880646221608,5,7.0,7,3.32177501456301,0,0,6.0,1,0,1701668
170.63904634682493,5,23.0,10,1.429637666104695,1,0,3.0,2,0,1495293
191.1030079997245,4,27.0,11,0.1,0,0,7.0,1,0,1603010
244.8396491326974,5,35.0,11,1.774843667621743,1,0,5.0,3,0,2045980
137.73059419985648,1,36.0,9,4.028042714271072,0,0,1.0,3,1,1076218
112.31319178212553,1,20.0,9,2.4232811111456405,1,1,3.0,2,0,971646
,4,7.0,5,2.3546267935398992,0,1,5.0,1,0,975466
109.2094857517281,4,8.0,10,0.4054730126345052,0,1,7.0,2,0,1052049
146.1449145292948,6,14.0,1,0.2514926145670029,1,0,3.0,3,0,1291845
167.0575987408322,4,39.0,1,2.027062472951149,1,1,6.0,2,1,1418429
163.83453996650096,3,17.0,6,0.1,0,1,5.0,2,1,1463406
191.35916245180118,5,19.0,2,3.1720433335437654,0,0,1.0,1,0,1564970
150.65009459389535,4,5.0,8,0.7300306267004566,1,0,10.0,3,1,1438661
222.67670385786585,2,11.0,13,1.9630140789027593,0,0,6.0,2,0,1898099
136.7671583381022,6,1.0,9,0.1,1,1,8.0,1,1,1405513
286.00845832948096,2,6.0,13,1.4092971973347401,1,0,1.0,2,0,2377870
181.28336738825033,1,15.0,4,0.22120917930469552,1,1,2.0,1,0,1519023
107.14212217918588,5,2.0,5,0.1,1,0,4.0,1,1,1068567
96.45537509694438,4,2.0,11,2.8127631340044763,0,1,2.0,2,1,900227
174.12362076215928,2,26.0,8,4.461739308637361,1,0,9.0,3,1,1564887
138.82686073370746,5,39.0,3,3.6942103840159195,0,0,10.0,3,0,1219523
185.7000247046046,1,37.0,5,3.0225360348557073,1,0,8.0,1,0,1521900
173.66188122867723,3,32.0,3,1.3788182480816813,1,0,8.0,3,1,1513574
146.35855436715636,6,27.0,12,3.208835342821739,1,1,4.0,1,0,1296093
107.66031409657975,5,0.0,10,3.835779797860592,1,0,5.0,3,0,1014391
74.25763876570677,5,7.0,3,2.20523274450694,1,1,4.0,2,0,796061
127.67425239664894,3,36.0,3,0.2234597415319659,1,0,9.0,3,0,1153184
192.81993971617362,5,31.0,13,1.2509235521129434,0,0,2.0,1,0,1603832
160.7046872065102,1,36.0,12,4.554044732521905,1,0,8.0,1,0,1316820
87.71306106440059,1,3.0,7,1.8878837477747503,1,0,2.0,3,0,783396
158.6590462925591,3,29.0,7,0.1,1,1,1.0,2,1,1333986
169.26586898644183,6,5.0,7,0.1,0,0,10.0,1,0,7259430
105.80712818994334,4,18.0,10,1.363326945286278,0,1,3.0,1,0,917299
157.6862552972764,2,31.0,8,3.5537378576263525,1,1,9.0,1,0,1350313
152.9104359223,4,8.0,5,1.5903164713896323,1,0,3.0,1,1,1368489
,5,11.0,5,3.58164748245989,1,0,9.0,1,0,900972
167.88936801741417,2,10.0,14,1.2107564696787663,0,1,7.0,2,1,1531308
178.03922631841172,3,15.0,4,0.1,1,1,10.0,3,0,1631159
204.15256215876386,3,0.0,7,1.2626582621028732,1,1,1.0,2,1,1758957
202.69010260174514,6,20.0,10,2.517417502319428,1,0,10.0,2,0,1807981
81.11653160214544,2,29.0,4,2.39292552401197,1,1,5.0,1,0,726953
103.10874800424386,1,12.0,2,0.1173383761150466,1,0,9.0,2,1,971191
175.751763360433,2,33.0,4,1.4732056972943521,0,1,3.0,1,1,1442110
175.68929754561043,5,,13,6.027011357096111,1,1,9.0,2,0,1629732
175.7523843153024,1,27.0,13,0.15009676055468502,0,0,5.0,1,0,1431384
342.63657453273606,3,37.0,8,2.9910850916956235,1,0,9.0,1,0,2865416
178.54452553465836,2,30.0,9,0.1,1,0,10.0,2,1,1554872
206.77828200902994,4,26.0,3,3.295687736854493,0,0,6.0,2,0,1693058
197.70008817466012,6,4.0,7,0.6615119147173298,1,1,9.0,3,0,1855840
182.5695625652899,4,24.0,14,2.6031323873044103,0,0,7.0,3,0,1618046
134.23653776798272,6,2.0,12,0.1,1,0,7.0,3,1,1349670
187.94846102466337,5,32.0,14,2.436279200265061,1,0,8.0,2,1,1667583
111.35873927312142,4,3.0,9,0.6370245563878429,0,1,7.0,2,1,1097057
138.15906966299957,2,24.0,11,0.927427725550062,1,0,9.0,1,0,1233026
125.73182260854483,2,19.0,4,2.662979009592546,0,0,9.0,3,1,1123074
154.09370696931612,4,33.0,10,1.3544217854044758,1,0,6.0,1,1,1353821
265.73292833367543,2,25.0,3,2.570572172324467,0,1,7.0,1,1,2220783
56.636740370412596,5,4.0,5,1.7137380220349738,1,1,2.0,1,0,591702
184.31300951872566,1,34.0,1,2.1012405218709125,1,0,9.0,1,0,1498185
69.36420644051742,5,27.0,3,2.6676297070301023,0,0,1.0,3,1,602444
126.40340671052833,6,28.0,8,1.4749723181132888,0,0,,1,0,1071470
204.4475298483683,5,8.0,11,0.5059253209973389,0,0,3.0,2,0,1744000
153.21400095477313,6,37.0,8,1.201531601105315,0,0,6.0,2,1,5041986
96.1127611035347,2,5.0,13,,0,1,5.0,2,1,880446
,1,18.0,4,2.1742596261148246,1,0,2.0,3,1,953688
183.97988744673378,2,10.0,2,0.7326523198842896,1,1,9.0,1,1,1688985
113.48166841414317,3,1.0,13,2.602340912581578,1,0,10.0,3,0,1148865
160.82292947909875,2,8.0,8,2.7024733774087073,1,1,4.0,1,0,1401943
152.27859199519068,6,20.0,8,2.7799986136967156,1,1,4.0,3,0,1323553
117.41998261970915,2,23.0,10,0.5332441994430717,1,0,5.0,3,0,1025036
257.19720446626627,2,33.0,4,0.9764135085711576,1,0,8.0,1,0,2136903
181.69595111590056,1,21.0,3,0.9847561754194825,0,0,10.0,3,0,1524708
48.74287066711965,2,2.0,2,1.4590281319007123,1,0,4.0,1,0,487193
159.32271573847137,1,11.0,9,2.8083787777156015,1,0,5.0,2,1,1402448
116.9106767615806,4,27.0,1,2.4442772070965204,1,0,4.0,2,1,989508
192.6216667398112,3,29.0,7,2.5628254357357436,0,1,6.0,2,1,1595885
110.37396307836497,1,25.0,5,4.031028713557284,0,0,3.0,3,1,861867
,6,20.0,8,3.0333363987374447,0,1,8.0,2,1,1343528
175.24936394902286,4,27.0,4,,1,0,6.0,1,1,1500557
193.2877597085061,1,25.0,7,0.2241722359212508,1,1,10.0,2,1,1731070
89.9851796472112,1,32.0,13,0.9281794872936946,1,0,5.0,2,1,794876
133.27493820795257,3,20.0,5,1.6074423984826596,1,1,2.0,3,1,1214951
126.25273444195219,6,34.0,14,3.2436947410041705,1,0,10.0,1,1,1160323
117.3335383713144,5,33.0,5,1.9590020988408599,1,0,10.0,3,0,1095632
238.27271201405483,5,17.0,14,1.0157060676673353,1,0,7.0,3,0,2078152
170.2490855480478,1,10.0,9,0.9006606714091612,0,0,2.0,1,0,1403792
86.95580228324775,2,22.0,9,1.8956326866181608,0,0,1.0,3,0,706880
195.8930973527388,6,21.0,13,,1,0,7.0,1,0,1697603
256.10780985063167,4,16.0,9,4.386528958662676,1,0,5.0,2,0,2150627
201.62326302755736,2,4.0,12,1.6913471029554985,1,1,1.0,1,0,1714917
74.03150170229932,2,,6,1.932885228856103,1,0,4.0,1,0,664803
125.78829635668743,6,,6,0.17908744076392558,0,0,4.0,1,1,1117417
213.34555745933113,1,,5,4.908788853649199,1,1,10.0,3,0,1829872
114.61652671906097,1,26.0,9,0.1,0,0,7.0,1,1,4940549
172.19097140731142,1,34.0,10,3.757493467670826,1,0,9.0,1,1,1472542
188.73170267146685,1,32.0,8,1.451996070481294,0,0,2.0,1,0,1474212
103.65347642109586,5,19.0,7,,1,1,1.0,2,1,1016326
147.02373219691,1,15.0,7,0.3349946421711101,0,1,2.0,1,0,1205324
40.0,5,33.0,6,5.6150729741107,1,1,7.0,3,0,439307
98.7806179332855,5,1.0,5,2.332237434917592,0,0,10.0,1,0,988041
137.371592430342,1,34.0,13,2.031920655656095,1,1,6.0,1,0,1169667
87.61084090175753,3,39.0,4,3.3300985393318134,1,0,4.0,2,0,738168
231.62056519658177,4,27.0,3,1.0237509115550552,0,0,1.0,1,0,1862754
78.49293110196837,2,38.0,3,2.0027689328465086,0,0,1.0,3,0,596757
127.99777566515081,5,5.0,6,2.0845044302181814,0,0,5.0,1,0,1138298
156.53702886430457,6,8.0,4,1.2317814014778001,0,0,1.0,3,0,1354319
222.06366445330576,6,19.0,12,3.799457118778871,0,0,7.0,2,1,1964879
78.20689244102803,4,0.0,12,1.6720183827561437,1,0,1.0,1,0,760216
208.15818760774798,6,7.0,6,0.1,1,0,1.0,2,0,1812432
150.51165305097936,3,22.0,3,1.5477539547186894,1,1,2.0,1,0,1245646
100.92456744760246,6,2.0,4,2.373768007570846,0,0,10.0,3,0,1049738
173.10517371316354,2,3.0,9,0.6597601491685874,1,1,3.0,2,0,1508934
159.9529847786735,2,24.0,5,0.7781078102443417,1,0,1.0,1,1,1296876
119.98915614206027,5,37.0,13,1.180611442810939,0,1,9.0,3,0,1100767
153.49010424950094,1,14.0,7,3.831853490100441,0,0,,2,1,1301216
130.734320156912,3,20.0,10,1.269262966031441,1,0,8.0,1,1,1213942
155.6758672625624,5,34.0,2,4.143675527826547,1,0,5.0,2,0,1306796
183.10653372605233,3,13.0,14,1.0775743427774964,1,0,2.0,1,0,1547176
229.3008408072676,1,35.0,14,2.4875212043848127,1,1,5.0,3,1,1912264
,6,11.0,5,1.3306359886703731,1,0,6.0,3,1,4044294
256.65166873281333,6,16.0,9,3.1311247554357085,0,0,1.0,2,0,2104382
52.39561002387491,1,38.0,11,0.32258876815208115,0,1,4.0,2,1,456276
142.41074524822082,5,8.0,3,3.1142892193658476,0,1,9.0,1,1,1329384
179.41586032422882,1,34.0,14,2.1708041004645255,1,0,2.0,3,0,1445209
164.04959338675164,4,12.0,9,1.0400122748338263,0,0,5.0,1,1,1437962
118.86502400897031,2,14.0,14,1.7506677729347742,1,0,1.0,3,0,1017864
139.59388748213624,5,17.0,11,4.300782411548262,1,0,,2,0,1231915
125.34995326705837,3,32.0,6,2.206766757321175,0,0,4.0,1,1,1044767
120.53176215278943,4,5.0,4,0.9459079761310418,1,1,6.0,1,1,1156191
192.48010485105124,5,26.0,7,0.19296007575783092,1,0,10.0,3,0,1737207
,1,22.0,8,2.7581064101464956,0,0,9.0,3,0,1434130
115.35452023696729,1,26.0,6,2.2937678705160285,1,0,3.0,3,1,948809
194.97999377166252,1,33.0,5,3.0425310426323353,0,1,9.0,2,1,1654031
165.36497604383047,1,37.0,6,0.1,1,1,6.0,1,1,1436249
190.64310594194802,3,13.0,5,,0,0,7.0,3,1,1676450
181.48144209618061,4,35.0,8,3.720318798877849,1,1,10.0,2,1,1604665
108.55024945389638,6,7.0,1,2.497012470169011,1,0,2.0,3,0,999166
121.99094799015153,2,34.0,11,2.800101276856343,0,0,10.0,1,0,1045939
187.3646802561631,3,18.0,7,0.5559694518380702,1,0,6.0,3,0,1641685
180.51851327167324,3,29.0,10,0.5285192025066221,1,0,6.0,1,1,1523107
148.95492030179258,6,13.0,10,3.486887987288133,1,0,2.0,2,1,1316422
155.8663691654391,6,19.0,11,3.557566482147723,1,1,2.0,2,0,1377617
213.88324478942124,2,24.0,2,0.3675207694564193,1,0,2.0,3,0,1751225
120.4214305582085,2,39.0,14,0.1,1,1,10.0,1,0,1060249
,6,23.0,9,1.8371105439313338,0,0,1.0,1,0,1495147
139.89036737830529,1,13.0,1,0.8009773199359906,1,0,5.0,1,0,1174721
139.11593983863898,3,25.0,11,0.7697346814309616,1,0,8.0,3,0,1255485
204.9388425993595,5,37.0,10,0.12293263035891111,1,0,,1,0,1683097
191.27081744940148,2,22.0,6,1.2973492275794498,1,0,5.0,1,0,1574214
190.67548180003192,2,21.0,9,0.26795788605070103,0,0,8.0,1,0,5681115
215.27394035771647,6,18.0,1,0.35689864548614514,1,0,10.0,1,0,1925178
151.05019208163796,4,2.0,4,2.4475877698494566,0,0,5.0,3,1,1356467
184.0976485647482,5,18.0,4,1.9172026485689353,1,1,2.0,3,0,1583720
134.4866621703272,5,8.0,9,2.727318022298198,0,0,3.0,1,1,1206084
166.2083176244221,2,27.0,11,0.1,1,0,,1,1,1397364
143.49284728161578,1,19.0,5,2.0148209147446448,0,0,5.0,2,0,1162924
154.8497982496359,4,6.0,5,5.113456313248757,0,1,4.0,2,0,1342159
179.75785127184568,5,13.0,6,1.4415912735716012,1,1,4.0,1,1,1596995
109.08896583832637,2,8.0,1,3.2371235098584465,1,0,5.0,1,1,3372613
254.619363784273,5,18.0,1,3.224010273161635,1,0,2.0,2,1,2151197
99.6991309250149,4,13.0,9,3.297797912001913,0,0,9.0,2,1,950544
89.29056936061339,4,37.0,3,2.2499925305859843,1,1,2.0,1,0,774908
207.9055436750034,3,35.0,4,2.8491289741163213,1,1,10.0,3,0,1753361
189.5831346981468,6,39.0,1,3.0485204300195083,0,0,2.0,3,0,1477037
181.20599085260775,6,16.0,9,2.9531690424715364,1,0,10.0,1,0,1663601
181.417275463214,2,29.0,8,0.32387273972990593,0,0,9.0,1,0,1506068
149.38766135765428,4,8.0,2,0.1,0,1,3.0,2,1,1315960
105.13728142570842,3,32.0,8,0.1,0,0,10.0,2,0,964993
153.7902279096863,3,24.0,7,1.5947600114260045,0,0,7.0,3,0,1308618
116.14191442439441,5,13.0,11,2.8908901016339668,1,0,4.0,1,1,1095215
198.75598667088755,5,10.0,6,0.34338308373262305,1,1,6.0,2,1,1799093
142.64713092489308,3,34.0,1,3.385955687876606,1,1,4.0,3,0,1194340
108.72514016037442,5,13.0,7,1.2465872382381709,1,1,10.0,3,1,1124600
133.93070791735033,4,29.0,10,1.2608671832088816,0,0,7.0,3,1,1174962
170.6465727137812,1,3.0,7,0.7458395061805994,0,1,1.0,2,0,1465818
121.81377235980126,4,3.0,13,0.1,1,0,3.0,2,0,1159039
108.88898022167842,3,27.0,14,2.3439711926519706,1,0,3.0,1,0,905827
162.18436057459562,3,7.0,9,4.569001569257853,0,0,1.0,1,0,1321355
162.24832855543613,4,1.0,1,1.906003214701155,1,1,6.0,3,0,1523263
124.65284123144352,5,21.0,2,0.1,1,0,9.0,3,1,1185658
126.44808471908387,5,15.0,11,3.170514217424669,1,1,8.0,2,1,1210538
161.60249686788183,6,28.0,9,0.1,0,1,7.0,2,1,1474421
77.59578292513379,3,29.0,13,0.1864484045162218,0,0,10.0,1,1,803685
79.62681128117224,2,11.0,9,1.6424927415296438,0,0,8.0,1,1,770951
114.0777889373782,6,34.0,13,2.184265157810297,0,0,6.0,1,0,1012144
139.32764241440765,5,10.0,6,0.4870039982497574,1,0,9.0,2,0,1305376
165.54537827990023,4,20.0,6,1.5840259151510292,1,0,3.0,3,1,1451912
223.76781084747762,5,20.0,4,3.0727436011410267,0,0,10.0,1,0,1911368
192.88298116010097,4,4.0,4,3.278268327212028,1,1,10.0,1,0,1790170
142.00307350182865,6,,5,3.877184632721397,0,1,9.0,2,1,1352981
149.04918960486555,3,36.0,3,4.864127978440241,0,0,4.0,1,1,1225069
99.87353176810956,5,2.0,1,3.214833982491675,0,0,7.0,3,0,944360
149.0743432003805,4,32.0,1,1.6748952283936394,0,0,9.0,2,1,6302668
135.5670680539931,3,8.0,12,3.2889706866844586,0,1,2.0,1,0,1164728
166.13592801690447,2,8.0,13,2.700074351007773,0,1,2.0,1,1,1405357
108.63845282238385,4,3.0,7,2.7595504662893817,1,0,9.0,2,0,1072652
175.96732571205862,6,34.0,1,2.265828177607528,1,0,3.0,2,1,1508792
226.6369456501289,2,16.0,1,0.6319188467691403,1,1,9.0,1,0,1949033
144.56199257715713,2,33.0,3,0.4578553882671048,0,0,5.0,3,1,1190766
170.08558610494708,1,23.0,10,1.854322698387286,1,0,6.0,2,0,1418457
184.5071995855556,5,31.0,4,2.223365113769558,0,0,2.0,3,0,1475397
129.9389764057082,4,0.0,4,0.9808386156024305,1,0,8.0,1,0,1252745
161.20462409052084,2,7.0,2,2.635012922912863,0,0,9.0,3,0,1405444
150.62962003908973,1,22.0,1,5.121148856058784,1,1,2.0,1,0,1182846
154.8838049274416,6,39.0,3,0.1,0,1,6.0,1,0,1329852
111.34951080722668,3,11.0,11,2.8733667163456413,1,0,,1,1,1038597
151.22550871294715,4,,4,1.9010380686637847,1,1,8.0,1,1,1400085
174.8999145622725,2,14.0,3,2.675983333001982,1,0,10.0,3,0,1568004
,5,18.0,8,1.353927949309563,0,1,5.0,1,1,1910317
197.96354130426033,1,25.0,14,1.7809101724292495,1,0,9.0,1,0,1641922
257.65912287557785,2,28.0,10,2.194250676512149,1,1,1.0,3,0,2128384
111.63262185559753,5,21.0,1,1.547549174697109,0,1,9.0,2,0,1026117
193.61603183603393,2,39.0,14,0.1,0,0,10.0,3,0,1624749
159.1671002869176,4,20.0,2,1.6491274540333203,0,1,7.0,3,0,1383853
259.4901466608836,4,37.0,13,0.1,1,1,4.0,3,1,2204313
109.58508573224242,4,19.0,7,2.9797896658704643,1,1,3.0,1,0,960358
108.0139078909612,6,28.0,4,0.1,0,0,10.0,1,0,1027073
120.03036772779889,6,3.0,8,3.5429815691838344,1,1,6.0,1,0,1193801
43.80521378450966,1,6.0,11,2.6443445003052193,0,1,1.0,2,1,411703
123.71224891596195,4,27.0,13,2.6500829236008423,1,0,3.0,1,1,1055737
112.0433669223151,5,27.0,3,0.1,1,1,2.0,2,1,1004109
157.51968932381038,2,3.0,6,1.5071008428626655,1,0,9.0,1,1,1462882
167.08779878885798,3,21.0,9,3.7303451429897905,1,0,3.0,3,1,1425532
243.80854196079432,5,11.0,1,1.222088031454558,1,0,2.0,1,1,2063683
197.5211919093025,6,,1,0.3829067750544288,1,0,4.0,2,0,1735166
121.15481721687985,6,21.0,8,1.0449948574914318,0,0,2.0,2,1,1028701
105.0792664325821,5,1.0,3,1.8975835660409928,1,0,1.0,1,0,935359
174.59595857532528,6,23.0,5,0.7229443245307834,0,1,6.0,3,1,1594272
83.9883396489679,4,33.0,1,3.8507258481339406,0,0,,1,1,767821
241.57293829271768,1,26.0,5,1.9029987050144115,0,0,8.0,1,1,1991529
208.97200603606436,2,0.0,11,1.1666459780781078,1,0,10.0,1,0,1889039
126.54121739476476,1,7.0,6,0.1,0,0,10.0,3,1,1166772
64.34327354545613,2,22.0,8,2.726669907918407,0,1,2.0,2,1,563068
217.69361870827066,2,37.0,13,2.692499442067045,0,1,9.0,3,0,1787282
144.2730077373691,1,5.0,14,0.8116866407229621,0,1,3.0,2,0,1258611
211.8908155986731,5,21.0,3,0.1,0,0,8.0,2,1,1858517
70.27861706028165,2,24.0,3,2.6161432843638264,0,0,8.0,2,1,651966
120.03124885231136,1,17.0,12,1.7197949131084966,1,0,3.0,3,0,1053844
150.26218498590916,2,16.0,11,,0,0,3.0,1,0,1247585
152.3490296882371,3,11.0,11,4.935761800459457,1,0,6.0,1,0,1301128
127.49672642603781,5,5.0,10,1.9597522344364104,0,1,1.0,1,0,1149950
181.14249661737495,4,25.0,9,1.2292420747358421,1,0,,1,1,1551117
96.61897853087028,2,26.0,4,0.27901704852748965,1,1,1.0,1,1,788317
142.88102574893531,3,7.0,4,1.5313673127574265,0,0,3.0,3,1,1251622
156.01478158559493,4,18.0,12,2.240866024423462,0,0,9.0,3,0,1411134
175.72194170293744,4,0.0,7,2.0799611308981407,1,0,5.0,3,1,1587859
185.5807439044445,2,28.0,2,4.585198010100655,1,0,5.0,3,0,1544622
93.76789540810654,1,34.0,8,2.748628348198914,0,1,4.0,3,0,736688
73.29429146321888,2,39.0,6,1.7977986927391854,1,0,3.0,3,0,583350
213.88384109492546,3,13.0,3,0.9401591317497908,0,0,5.0,3,0,1792255
166.61570059897957,4,34.0,9,2.4000091456749804,1,1,4.0,1,0,1363546
112.57567317217232,2,19.0,5,0.6394877624260111,0,0,8.0,2,0,974627
227.55759877612616,1,12.0,8,2.2697466193068596,0,0,4.0,3,0,1861066
155.78373171464293,2,37.0,7,2.731120890357265,1,0,8.0,2,0,1300819
208.96485920319134,5,7.0,14,1.6753216658428287,1,0,6.0,3,1,1837287
153.37592407050545,1,19.0,8,1.0545703339022876,1,1,5.0,3,0,1346902
253.03739624409934,3,32.0,7,0.1,0,1,4.0,1,1,2103633
237.7670421221602,4,25.0,3,3.715755089630586,1,1,4.0,2,0,2005040
137.55179257604632,2,38.0,2,2.6049505853679222,0,0,4.0,1,1,1052742
198.57854754771776,1,20.0,7,2.6414259223771737,1,0,9.0,1,1,1703640
182.2687974792574,5,8.0,3,0.1,1,1,4.0,2,1,1676179
218.43157787661744,1,23.0,3,4.069758049610085,1,0,9.0,1,1,1860444
101.75382697099478,6,36.0,2,1.3021747000728796,1,0,10.0,3,0,999192
184.30257299992195,5,16.0,4,1.5668070459507708,0,0,6.0,3,0,1600940
202.92122434247938,3,,8,0.3960697168717622,0,0,10.0,3,0,1761082
62.063025678844284,4,20.0,12,0.1,0,0,7.0,3,0,602545
90.83707436671125,3,38.0,1,3.7360194675853506,1,1,10.0,3,0,851106
48.03839111199497,2,38.0,1,3.929896054096437,0,1,3.0,1,1,352662
136.5296582777721,1,12.0,12,1.751707772970009,0,0,8.0,1,0,5220165
185.8771127897981,6,10.0,14,0.9809231452904748,0,0,3.0,3,1,1657513
225.11785260480139,5,18.0,5,1.4344337462986128,1,0,1.0,3,1,1869574
153.70473902098877,5,10.0,11,1.4755775149466754,1,1,10.0,1,1,1473604
231.4307772785646,1,12.0,5,0.20021041673060247,1,0,5.0,2,1,1982922
80.99492708925543,6,0.0,11,1.5616171768342397,0,1,2.0,1,1,825495
64.83087803224227,1,39.0,12,2.229652989401488,1,0,10.0,1,0,592046
147.22261505516906,2,18.0,1,3.527235871473128,1,0,6.0,1,0,1255240
169.20327244696537,3,11.0,6,2.021366246020568,1,0,10.0,1,1,1529990
148.36526259529535,5,7.0,1,0.1,0,1,9.0,1,1,1394819
46.62789499800617,2,7.0,5,2.530321794798015,0,0,1.0,2,1,425957
145.54399802436058,3,11.0,9,1.61610415749537,1,0,4.0,3,0,1304893
84.77652497475734,2,32.0,12,4.0556145409757995,1,0,1.0,3,1,696085
183.48362744150194,6,25.0,14,4.144186703066012,0,1,1.0,2,0,1494094
168.32991230484242,5,38.0,5,4.19668146840095,0,1,8.0,3,0,1426102
103.00601068363224,1,27.0,6,1.1576180969400809,0,0,2.0,3,0,829453
124.30665413316532,1,4.0,8,4.984782610006336,0,1,1.0,3,0,1062715
97.03932390555242,3,7.0,11,2.52641375734356,0,0,8.0,2,0,923715
,4,24.0,1,4.439570608502949,0,0,4.0,2,0,1167692
197.75711602506192,6,26.0,14,1.2460705792523605,1,0,3.0,3,0,1699961
100.71369768322282,3,22.0,2,1.5521048935855604,0,0,4.0,3,0,863794
175.20232577589223,4,29.0,9,2.4110410290081283,0,1,5.0,3,1,1525655
123.48711908137795,2,22.0,3,2.22781641442091,0,1,1.0,1,1,3921584
110.35635838688279,6,19.0,6,3.8822179152037544,1,0,1.0,1,0,943761
144.64848200227212,2,17.0,5,1.6518060221773185,1,0,3.0,1,0,1226144
98.2378838790313,5,17.0,11,3.7469224854655345,1,1,6.0,2,1,956116
122.3175347326409,6,1.0,2,3.0983517606989803,1,1,1.0,3,0,1140446
90.10610537055757,4,3.0,14,1.6799116720892773,1,0,2.0,2,0,875405
248.23625664581948,5,29.0,7,2.98201492622347,0,1,7.0,2,1,2124567
151.76317759858642,1,32.0,4,1.2901024297504269,1,0,1.0,2,1,1229767
115.01372460037072,4,35.0,1,5.5253087000085825,1,0,7.0,3,0,988386
160.6989955367111,3,17.0,13,0.1,1,1,4.0,1,0,1391818
144.38359751545852,1,36.0,4,,0,0,10.0,3,0,1196345
138.95152002333884,1,18.0,6,0.1,1,0,6.0,3,0,1197627
180.70833500217125,3,27.0,7,1.661514945172897,1,0,8.0,2,0,1550585
187.87538550236525,6,39.0,7,1.8715878657931309,0,1,9.0,2,0,1599654
123.47494261947362,1,19.0,14,4.261450338370526,1,1,6.0,2,0,1088607
121.209087967766,4,32.0,7,0.9617716818846647,0,0,9.0,1,1,1043675
136.2474151424178,5,11.0,3,3.962017873492667,0,0,4.0,1,1,1201629
40.0,1,14.0,6,0.23177503966280488,1,0,6.0,1,1,440453
74.24044689007239,4,38.0,13,4.020004585632298,1,0,8.0,3,1,752807
218.34371337222623,2,1.0,8,1.2884818371447908,0,0,9.0,2,0,1903350
232.24838567506418,4,28.0,4,2.1101517788616784,1,1,3.0,3,1,1962008
137.54819802218108,5,9.0,13,1.495432005334394,1,0,2.0,1,0,1240073
178.8278481527883,4,1.0,8,3.9235452111734057,1,0,6.0,2,0,1591305
165.5625077271768,3,10.0,2,3.631609764850621,0,0,4.0,1,1,1402944
303.9440404227619,5,12.0,10,2.6652525808767873,1,0,1.0,2,1,2576118
205.97874557172884,6,9.0,9,0.27219742311983897,0,1,8.0,2,1,6427680
143.60412042596167,2,13.0,9,0.9274671979546358,0,0,9.0,3,0,1312318
102.22297796997871,3,17.0,8,0.45713521174081184,1,0,9.0,3,1,983544
69.67768398712137,6,8.0,10,0.1,1,0,2.0,1,1,763691
160.17318179336115,4,38.0,14,3.8919771527750697,0,0,9.0,3,0,1326486
112.18246273578484,5,27.0,13,1.5082647104859548,1,0,7.0,3,0,1076437
78.88731452011629,2,2.0,10,1.492259053561554,0,0,5.0,3,0,715831
117.67135578787367,3,19.0,1,4.2441533501383395,1,0,7.0,2,1,1096029
95.92259981928025,6,5.0,2,1.2860170964204487,1,0,9.0,3,0,1007310
234.35708175362822,6,26.0,6,0.7392935964711036,1,0,8.0,1,0,2010045
194.08198784747253,2,1.0,10,1.6628815692275232,1,0,6.0,2,0,1745655
149.60136793416913,4,28.0,5,0.3009964221846557,1,1,4.0,2,0,1276626
223.99720694450127,2,37.0,12,2.5165336539319343,0,0,1.0,3,1,1777298
153.8684153823809,6,2.0,14,1.4395068826037445,1,0,6.0,2,0,1505526
106.93578993358682,1,15.0,9,1.2390928841092814,1,0,3.0,1,1,942484
226.15620386348286,3,29.0,5,1.1091452419695467,1,0,6.0,1,1,1864856
176.94550218423294,2,39.0,2,1.840667759236983,0,1,6.0,2,1,1449373
98.13769228367718,6,1.0,10,2.1252216882797765,1,0,4.0,3,0,975865
140.4830660958196,4,16.0,4,1.2200373673887173,0,1,2.0,3,0,1211875
106.21908733076214,6,11.0,9,1.4618510958572797,1,0,9.0,2,0,1070169
80.8600134517832,4,34.0,1,1.8777157597709766,1,0,2.0,1,0,666775
196.30887737658207,2,0.0,11,1.7263727966906917,1,1,3.0,2,0,1684099
245.47083202350652,4,14.0,1,2.046613950312521,0,0,10.0,3,1,2131436
80.07162130904294,5,25.0,12,0.9849937951279792,1,0,1.0,3,0,734930
178.14846183452855,5,36.0,7,3.506889363689736,1,0,7.0,2,0,1496890
,5,20.0,11,2.1452422661142756,1,1,1.0,1,0,1053500
125.6437308117652,1,30.0,3,1.2442298707626842,0,0,9.0,2,0,1039353
120.38030378805654,2,24.0,10,2.5165763260678022,1,1,1.0,1,1,1020776
106.8004615160092,6,22.0,2,1.8884471017719282,1,0,5.0,1,0,965197
152.42608139724135,6,23.0,9,0.1,1,1,7.0,2,0,1391315
108.45249417944811,1,37.0,3,,1,0,3.0,2,1,869738
163.52284128899194,4,27.0,2,0.4707406964237193,0,1,9.0,1,0,1399178
147.48809452754315,1,20.0,12,3.401641674846961,0,0,8.0,1,0,1228819
138.05259765667952,4,17.0,8,1.6373755416598295,1,1,3.0,1,0,1212927
104.6218168979201,4,35.0,10,3.1701054460865956,1,0,5.0,1,0,858067
121.16143347158336,3,34.0,6,1.0546721702035893,1,0,7.0,3,0,1072324
187.7695612912878,6,8.0,6,2.1048939007109597,1,0,4.0,2,0,1666525
175.04585938121903,5,37.0,10,3.8153652507603146,1,0,5.0,1,1,1489484
101.12223776007244,4,29.0,11,1.5964751803777661,0,0,3.0,2,0,847255
154.9666152714613,3,33.0,7,1.1137743518962926,0,1,9.0,1,1,1330809
187.56935616858945,6,31.0,7,2.982560920672684,0,1,10.0,2,1,1672693
66.52973594393141,5,2.0,11,2.9534923951264407,0,0,9.0,2,0,740072
177.16800961899676,4,2.0,13,1.1768762998777718,0,1,7.0,1,0,1578123
116.86881205270767,4,27.0,6,0.1,0,0,10.0,1,0,1032934
178.52993342965797,1,14.0,4,1.084965533752466,1,0,2.0,2,1,1494638
111.83704217287416,1,22.0,11,3.0160392825296327,0,1,7.0,2,1,983141
59.75589496677405,6,39.0,9,0.8374487158644139,1,1,7.0,2,1,641024
68.62287810584186,5,10.0,6,1.9835932444757067,1,1,5.0,3,0,724280
152.4042473330691,4,31.0,4,1.013772593050484,0,0,9.0,1,1,1332324
162.98612508607408,6,35.0,12,0.1,1,1,3.0,3,0,1452525
104.78416874477958,6,32.0,3,0.9867782344401084,1,0,4.0,3,0,949147
181.9296229388687,2,23.0,4,3.0096980310345685,0,0,1.0,1,0,1423482
66.923996886552,1,38.0,3,0.1,1,0,6.0,1,0,531458
146.69601006763418,5,33.0,2,2.3782510257133636,1,1,4.0,3,0,1248102
89.44919001187716,4,27.0,14,0.22089615290088016,0,1,1.0,1,1,804661
117.40819460989204,6,36.0,5,2.9126631042112883,0,1,2.0,2,1,987595
152.3699335658207,4,6.0,2,3.0714784038104797,1,0,3.0,2,1,1332033
106.97933173580239,2,3.0,6,1.7420780976330859,1,0,9.0,3,0,1084859
130.77222278850874,5,36.0,3,1.7454977618281668,1,0,8.0,3,1,1216703
200.31464046072202,6,0.0,6,,0,0,7.0,1,0,1789704
121.15540652384256,4,0.0,11,0.1,0,0,4.0,1,0,1086790
191.7846056032571,1,19.0,10,4.5471393595005996,1,1,1.0,3,0,1582367
,2,18.0,9,0.7023928592433082,1,0,8.0,3,0,882697
176.49020889576414,5,28.0,1,4.351694196794709,1,0,4.0,2,0,1485879
222.07843103289503,2,9.0,6,0.7107499402997348,0,0,3.0,2,0,1832160
40.0,1,17.0,9,2.7877855855065925,1,0,9.0,1,0,460606
110.15523722647616,5,27.0,11,0.29328926051954785,0,0,10.0,2,1,1049521
178.853606359027,2,34.0,4,2.785092525353023,1,1,4.0,1,0,1499843
139.84773069785035,3,30.0,11,1.511618964270317,0,0,4.0,1,1,1170590
168.55729366856545,1,26.0,12,1.5312257589864944,0,1,9.0,1,1,1487895
119.80074066420897,1,10.0,2,2.9150347546766757,0,0,2.0,2,0,957284
154.329489373645,1,37.0,13,1.2962879523813529,1,0,5.0,3,1,1273039
142.216138230396,3,4.0,4,0.1,0,0,4.0,3,0,1209805
208.38910308299037,3,7.0,1,3.141958345114179,0,1,9.0,2,1,1866509
162.72104216506065,4,33.0,3,0.2811491150265075,1,1,5.0,3,0,1407879
166.8801331037601,6,11.0,10,2.774775926596865,0,0,9.0,1,1,1507891
129.40615169387664,2,37.0,9,3.459494817999501,0,0,9.0,3,1,1133937
125.61968879637533,4,0.0,10,1.436759170471674,0,0,,2,1,1165583
128.37209060901895,2,30.0,5,3.7735292661376763,0,0,9.0,3,1,1137436
169.72260711891485,6,3.0,11,2.722675561791926,1,1,3.0,1,0,1508204
128.95077595898687,3,4.0,6,,1,0,4.0,1,0,1181885
164.48874284482065,6,29.0,3,4.1021435033991125,1,0,1.0,2,0,1361774
253.77003993227194,3,23.0,5,0.2874922673909144,0,0,1.0,2,0,2074413
193.5562351715846,6,2.0,11,1.434949355144652,0,0,1.0,2,0,1685825
133.69882339160793,4,10.0,8,1.6905277945710067,0,0,9.0,1,1,1248527
210.06069610819725,5,3.0,6,2.9078355515273833,1,0,8.0,3,0,1916423
129.59623134892243,4,25.0,4,3.673149946071702,1,1,5.0,3,1,1182423
48.0937732411073,2,26.0,2,3.5791873353540704,0,1,5.0,2,1,458752
,4,26.0,14,2.3356224793614593,1,0,9.0,3,0,946320
56.46040394870721,1,5.0,9,1.57959634330465,1,1,3.0,3,1,594598
132.42432579793456,2,14.0,13,0.1,0,0,3.0,2,0,1093918
150.92091895947758,6,29.0,12,0.1,1,0,7.0,2,1,1381365
233.82186561376415,2,36.0,1,,1,0,9.0,1,0,1921183
166.34636868820814,5,36.0,1,0.1,1,0,6.0,1,0,1422255
139.04497355955678,3,36.0,13,0.8232640351368357,1,0,2.0,1,0,1113183
191.47027905917446,6,34.0,4,3.7169094230751347,0,0,1.0,1,0,1545674
40.0,2,22.0,7,2.3145699487960503,1,0,2.0,3,0,422945
161.7807279054283,6,5.0,1,3.3920676065085384,1,1,1.0,3,0,1418055
188.54325969434834,6,3.0,9,2.814242526906015,1,0,10.0,1,0,1740715
76.07068771100792,6,17.0,4,4.20437380604133,0,0,10.0,1,1,2695916
207.18770216034645,3,8.0,3,2.4431409298473272,1,0,9.0,2,0,1821059
166.9248203747207,4,28.0,1,2.995171593727267,0,0,10.0,3,0,1444915
129.23560430495994,6,12.0,10,0.9136302019124893,1,0,8.0,3,1,1267629
181.63909330531425,1,16.0,4,2.879499463367205,1,1,7.0,1,1,1568538
263.5346428902198,5,31.0,9,1.405810853016157,1,0,3.0,3,1,2219776
159.09331275292476,3,21.0,13,1.3203411980289315,0,0,8.0,2,0,1395616
162.4110293150168,2,,14,3.3420852719707064,0,0,2.0,2,0,1394881
127.0319550229878,3,4.0,10,3.352435064089046,1,0,2.0,3,0,1126147
107.50778152676041,2,36.0,6,4.532663233619197,1,0,10.0,1,0,906564
191.51679082721228,3,12.0,6,4.434894778229301,0,0,3.0,3,1,1622582
107.19580870455664,2,33.0,1,3.3759727420381633,1,0,7.0,2,0,905562
153.57831186096962,6,21.0,10,0.1,0,0,1.0,1,1,1317970
126.11712766174416,4,22.0,2,4.741521474424545,1,0,8.0,3,0,1134705
173.9489912873196,2,2.0,11,3.376951505999543,0,1,7.0,1,1,1541913
166.6831052643474,2,33.0,6,0.8512098648705462,0,0,4.0,1,0,1317047
201.87699721289496,1,31.0,2,3.0933637333441735,0,1,5.0,2,1,1603283
124.49918005726265,2,20.0,3,0.4441013885559073,0,1,10.0,1,1,1136882
136.50625323533143,1,20.0,4,2.927945180164613,1,0,1.0,3,1,1093376
101.06181421088463,5,10.0,11,0.1,0,0,4.0,1,0,919906
127.78533699619442,6,38.0,5,0.7876723868200455,1,0,1.0,1,0,1065571
168.8650246522426,1,3.0,9,3.0648936938007902,1,1,1.0,3,1,1437298
187.8494308322676,4,0.0,12,3.6093301144893406,0,0,10.0,2,0,1694124
103.89173379111872,6,27.0,4,2.4881552891507157,0,1,1.0,2,0,881538
193.480296005283,1,23.0,13,1.570747044968044,0,1,7.0,3,0,1636505
217.78189294024753,6,34.0,11,0.1,1,1,7.0,3,0,1905828
170.67174516118504,6,12.0,9,1.6864683505229603,0,0,4.0,2,0,1498390
243.8397906279033,6,33.0,11,2.8002276152367918,0,0,2.0,1,0,1984598
111.31054004482135,5,10.0,10,1.5248523410965293,1,1,3.0,3,0,1059316
87.76726483442914,4,35.0,3,1.9661330883583727,1,0,8.0,1,0,774894
61.06398755478607,3,16.0,8,1.721573798123119,1,0,8.0,3,0,661034
224.80221557445915,3,34.0,12,1.5174406732678494,1,1,6.0,2,0,1869063
182.71828281770289,1,17.0,1,2.113816084939719,0,0,10.0,1,0,1554583
147.22076645447726,6,39.0,11,1.590958126771309,0,1,9.0,1,1,1331432
,1,21.0,9,4.164934330447913,0,1,9.0,3,1,1435649
93.72554763508117,5,23.0,9,0.1,0,0,4.0,1,1,855806
272.2875989808413,5,18.0,10,1.1812361210433835,1,1,1.0,3,1,2289052
156.46105909876138,2,36.0,2,0.6946156647241621,0,0,1.0,2,0,1231879
155.46973973024464,5,38.0,4,2.328665900051615,1,0,10.0,1,1,1395902
186.28833119493459,2,20.0,13,2.1157171788246893,0,0,5.0,3,0,1540153
174.05046158683567,4,7.0,8,4.433289652324143,1,0,2.0,1,1,1516114
161.19420121395657,1,27.0,7,4.926713072446692,0,0,6.0,3,0,1303917
110.47627722773441,4,4.0,1,,1,0,7.0,3,1,1084427
173.57341785679978,5,16.0,5,2.000750097550444,1,0,1.0,3,0,1505417
244.1012248237517,4,36.0,7,2.294456625386533,0,0,6.0,2,0,1983837
217.2710023077489,4,35.0,4,0.8032793774939959,1,1,8.0,1,1,1902864
229.65933133196984,4,18.0,1,2.9425730540564343,0,1,5.0,2,0,1932420
124.43921617844074,5,26.0,9,,1,0,7.0,3,0,1160519
100.51975898707096,6,,14,,0,0,10.0,3,0,981551
143.7106539950176,4,10.0,5,1.5806475436001852,1,0,6.0,2,0,1309695
152.78624561443473,2,11.0,11,0.5034881408890268,1,0,4.0,2,0,1339567
204.70957592354742,5,20.0,2,3.5549702441288833,1,1,7.0,1,1,1782700
65.37676851425903,4,10.0,8,4.852338882670505,1,1,10.0,3,0,731446
226.47751597303068,6,38.0,11,2.3672290608418094,1,0,9.0,2,0,1967210
142.09960507105052,5,27.0,13,2.1669151520799135,1,0,10.0,3,0,1333847
128.655946502629,3,4.0,2,2.228652150311279,1,0,10.0,3,1,1263443
99.39478123699163,6,16.0,3,3.7733510434074726,1,0,7.0,1,1,920056
67.25716640671153,2,19.0,14,3.7410485053957747,0,0,5.0,1,1,599864
191.15852919809572,4,11.0,10,1.8265196471776537,0,1,7.0,1,1,1694290
153.6658983594202,3,5.0,1,2.378884891068637,1,1,3.0,2,1,1351231
,3,16.0,11,2.9789696107656174,0,0,2.0,3,1,776259
85.2460613968192,5,18.0,2,0.2934688151738989,0,0,5.0,2,1,769115
133.21076503549358,3,25.0,14,3.818912356130685,1,1,4.0,2,0,1167868
233.45107626446963,2,31.0,7,4.602247836840841,0,0,5.0,1,1,1903375
137.02043243181976,2,5.0,10,3.7475481572591858,1,0,8.0,3,0,1252986
74.8428523440947,1,35.0,2,0.13160913257816764,1,0,4.0,3,1,643203
137.71284679570277,2,37.0,6,0.1,1,1,9.0,1,1,5771683
136.36382151261648,6,10.0,3,3.0630780102768975,0,0,7.0,3,1,1256133
40.0,3,32.0,4,0.8597158265568705,0,1,10.0,1,1,458338
147.28525667410938,2,23.0,11,2.430700031184479,1,1,7.0,2,0,1277480
138.4532734895661,5,22.0,13,4.302723080011323,1,1,8.0,2,0,1249856
184.8103182406709,1,14.0,8,1.0145672354023851,0,1,6.0,1,0,1567286
242.44780474726724,3,26.0,14,1.4336680153865602,1,0,8.0,2,1,2093579
206.32825147738788,1,10.0,3,2.4150844588824745,1,0,3.0,2,1,1698885
136.55556547225848,3,16.0,10,0.1,0,1,10.0,1,1,1311951
94.67370456291648,5,13.0,6,0.8632157059911858,0,1,10.0,2,1,975190
278.667990162493,1,26.0,1,2.0372862556269036,0,0,1.0,3,1,2229259
152.9609217007244,4,17.0,7,1.549317696773373,0,0,6.0,2,1,1383396
150.6964645956473,6,27.0,8,2.912611630698839,0,1,1.0,1,1,1279223
148.79374564449984,6,3.0,11,6.148969421658901,1,1,9.0,3,1,1482624
159.90423803839275,3,6.0,14,2.148707509127187,1,0,2.0,3,1,1408783
142.78197940380286,4,34.0,8,0.7374320809429862,1,0,2.0,2,0,1212776
121.31689965598818,1,8.0,3,4.127360532136347,0,0,7.0,3,1,1056999
122.6570529379804,4,7.0,14,0.1,0,0,2.0,1,0,1070034
148.3623364892001,4,16.0,10,0.1,1,0,10.0,3,0,1369005
122.82876144331175,1,16.0,1,1.1073448420284147,0,0,8.0,2,1,1089140
114.35771086614179,5,,9,1.5756699192205619,1,0,6.0,2,0,1033875
155.32151138459483,4,31.0,13,1.071390895224187,1,0,7.0,3,1,1411337
137.25113912895725,4,7.0,6,1.9527315133654657,1,1,7.0,1,0,1248756
225.1996494291344,5,18.0,11,2.4121128541195174,1,1,6.0,1,0,1964800
40.0,4,37.0,9,3.603439302912707,0,0,10.0,2,0,406412
204.57534259612308,4,2.0,7,2.136782410765673,1,0,9.0,2,0,1857804
212.30425962488147,4,4.0,1,1.1570806284573478,0,1,9.0,1,0,1861723
46.33048837959252,6,12.0,12,3.5219680796591177,0,0,7.0,3,0,484362
132.86562029598255,2,30.0,12,0.7734267864048039,1,1,9.0,3,0,1222867
131.42795670021042,5,15.0,1,0.1,0,1,10.0,3,0,1249707
79.62441526410893,4,31.0,6,3.808934026856813,1,0,3.0,3,0,687129
111.10916562045624,6,21.0,5,3.712779867216457,1,1,3.0,1,1,1015279
94.47120772670857,5,28.0,9,0.8115524116938408,1,0,1.0,2,0,824967
237.61352217118113,3,21.0,2,1.4013517192686118,0,0,5.0,2,1,1995440
196.78391965737305,3,2.0,8,0.6246086820051058,1,0,4.0,3,1,1720134
213.57775474970794,4,9.0,11,2.489936326347701,1,0,2.0,1,0,1830523
186.08360320216175,6,20.0,5,4.598073937052122,1,1,9.0,1,1,1681241
93.54741143913854,6,15.0,2,3.054322697892683,1,0,3.0,3,1,926486
123.77398668601131,5,11.0,13,3.553586963874549,0,0,8.0,3,1,1171574
174.4687280613959,5,1.0,10,3.2295924975365176,1,0,6.0,3,0,1580281
88.89360955540273,6,23.0,11,1.9998212771613597,1,1,5.0,2,1,890184
185.6499215086194,5,34.0,11,3.6250106568669733,1,0,1.0,3,1,1558199
137.98373009209325,6,29.0,12,3.1175458443691992,1,0,4.0,2,0,1198442
131.25895962252014,2,29.0,6,4.159168572729705,0,1,3.0,1,0,1049249
185.54799841017456,6,34.0,10,1.3106765882573654,1,0,1.0,1,0,1526156
172.213165574302,3,18.0,8,0.1,0,1,5.0,2,1,1509603
131.951691709046,5,7.0,4,3.5678765223096165,1,0,,2,0,1255802
207.9664901682124,6,25.0,2,2.524654280909087,1,1,2.0,2,1,1788680
95.94683362000514,6,39.0,12,1.5559308495181456,0,1,3.0,2,0,836877
180.7967803472132,5,6.0,11,1.6397707815387632,1,0,6.0,3,1,1639805
179.6550628984192,2,29.0,5,5.832029488853173,0,0,4.0,1,0,1428670
134.5226780343005,2,6.0,12,1.0367080211985933,0,1,9.0,3,0,1283217
166.3066511121059,5,2.0,2,0.7200450397605003,1,0,5.0,2,0,1493404
87.44432118073485,1,0.0,2,2.1279263502400276,1,1,4.0,3,0,850466
196.20135096034505,5,35.0,6,3.7707363169594417,0,0,2.0,3,0,1582041
140.75489317785053,5,24.0,11,5.417602979793841,1,0,6.0,1,0,1220627
123.86384897404803,2,36.0,10,2.9860474450843566,1,0,10.0,3,0,1114842
202.45046129184448,2,0.0,9,0.1,1,1,2.0,1,1,1765558
114.78281547286204,5,14.0,13,4.9562964060766985,1,0,7.0,2,1,1082165
79.57693518182202,5,36.0,4,1.9707969513843544,0,1,3.0,3,0,686000
72.16854132380482,5,12.0,6,0.7434358521575457,1,1,9.0,2,0,810965
180.30049756728198,2,39.0,7,0.38091131435096903,1,0,5.0,1,0,1485683
85.97853237518585,5,7.0,13,3.254493079003184,0,0,8.0,2,1,879773
237.73970909921823,5,4.0,11,2.3582440792796207,1,1,6.0,2,0,2093056
45.9035296058139,4,8.0,6,2.5176130654187756,1,0,10.0,1,0,605659
234.8228184145019,1,0.0,8,3.9297546786078965,0,1,8.0,2,0,1992413
160.5508733601309,3,35.0,4,0.7967681127355339,1,0,3.0,2,1,1338135
145.16434440648038,1,34.0,12,4.049231942410472,0,0,3.0,2,0,1137515
122.75404565955252,4,1.0,1,1.2212640158094648,0,1,5.0,3,1,1189285
169.95680571760354,3,39.0,7,5.246011060868534,1,0,10.0,2,0,1418343
148.11826487875757,5,22.0,3,,1,0,3.0,1,0,1215263
205.16509410082608,4,8.0,14,0.6196422053354342,1,0,8.0,3,0,1844558
155.711382433102,5,33.0,6,0.1,1,0,10.0,3,0,1430118
157.5150880730939,2,13.0,2,3.213387083418517,0,0,8.0,1,0,1348164
131.81938938930722,6,3.0,9,1.4387295860147244,0,1,2.0,2,0,1219448
147.15271881394662,4,29.0,1,1.7666514582172466,1,0,4.0,3,0,1260322
165.39008844460295,2,30.0,6,3.1492940137611605,0,0,10.0,3,0,1426728
64.49158036716872,4,37.0,6,3.5156207393759837,0,1,1.0,3,0,495290
82.59072889471435,4,10.0,5,3.8355655110039364,0,0,4.0,2,1,739083
187.16320470113575,2,34.0,13,0.2377380374255953,1,0,4.0,3,0,5030418
158.54327190639708,3,7.0,5,4.138842124436883,1,1,10.0,1,1,1453265
,1,2.0,1,1.1314319957477759,1,1,9.0,2,0,1281137
150.92169665326966,5,13.0,10,0.1,0,0,3.0,1,0,1333053
167.37908526808354,4,12.0,12,0.2323394797099314,1,0,2.0,1,0,1454181
123.01201598453193,5,31.0,5,2.3270376381988473,0,0,9.0,3,0,1096050
111.08476372988437,6,33.0,2,0.5317786308782908,1,0,9.0,3,0,1048409
159.79226275488406,2,18.0,7,1.8679332962359343,1,0,1.0,3,0,1323272
101.0813611192484,5,37.0,3,2.5073787312937674,1,0,6.0,1,1,919937
170.4126377857236,2,15.0,13,1.7279218953360713,0,0,10.0,2,0,1470185
64.87081978810798,5,1.0,4,1.2584684932149246,1,0,8.0,3,0,713778
,1,39.0,3,0.12395590551766067,0,0,3.0,3,0,1561943
173.62987412065215,1,16.0,3,2.0329157123229984,1,1,9.0,1,0,1519559
162.80148671569378,1,33.0,4,0.1,1,0,2.0,2,1,1360719
199.1345491972757,1,15.0,5,0.971002937420868,1,0,6.0,1,0,1694690
233.27372222312883,1,37.0,1,0.6083238364088586,1,0,1.0,3,0,1851172
200.7185032509065,1,1.0,4,,1,0,7.0,1,0,1735023
57.95628843341774,2,1.0,12,1.680005301036096,1,1,3.0,3,0,590560
86.02115166321492,4,25.0,12,3.439935011650618,1,0,7.0,2,1,838950
118.75907111521606,5,12.0,11,4.375215915874399,1,0,4.0,1,1,1129590
151.3045525105417,1,30.0,8,0.32333173964454476,0,0,9.0,3,0,1282049
175.88295102345614,2,33.0,10,4.989248937905044,0,1,5.0,3,0,1416936
113.71280934232672,2,38.0,7,0.8310566007178521,1,0,3.0,3,1,949349
159.33833822385392,2,2.0,9,2.2587901743846346,0,0,8.0,3,0,1436631
112.23085338233388,4,7.0,5,2.7662944837224765,0,0,6.0,1,0,1008951
119.42410985040259,5,22.0,13,5.66687412887376,1,0,2.0,3,1,1072258
79.66694515758888,4,13.0,10,1.1865764933560037,0,0,3.0,1,0,714174
103.8383376944548,3,26.0,4,0.1,0,0,8.0,3,0,926086
82.41576971918332,2,28.0,8,4.2355692052894724,1,1,10.0,1,0,772022
101.20633735113336,3,38.0,9,0.7499396618068477,1,1,7.0,1,1,910858
202.682089830392,6,38.0,13,1.4576171291366107,0,0,10.0,3,0,1796611
102.53005555840285,1,0.0,7,0.32337551911073703,1,0,6.0,3,1,1020116
281.61910324186954,1,16.0,14,1.4619443404266215,1,0,1.0,3,1,2311263
174.66589504404448,4,29.0,7,0.7394126956918385,1,1,9.0,3,0,1551497
159.2418061847437,5,12.0,5,3.014662724742157,1,0,3.0,2,0,1396124
107.08211099093933,3,20.0,4,2.121187444582969,0,1,5.0,3,0,946354
185.01549397044957,5,18.0,14,0.9784172590779816,0,0,7.0,3,0,1641347
121.2181086881113,4,18.0,10,3.4938079649883913,0,0,7.0,3,1,1102952
156.10049073226807,1,24.0,1,2.3824951260118983,1,0,3.0,1,0,1259847
278.00422691343977,5,21.0,10,0.1,1,0,4.0,3,0,2359862
145.1970050137675,5,30.0,10,3.3795549711264528,1,1,10.0,1,1,1355807
207.46366631428378,1,16.0,7,2.277301825778952,1,1,7.0,1,0,1781951
114.84117874370563,3,22.0,1,4.086098731387314,1,0,8.0,1,1,1060175
148.25057547515192,1,31.0,1,2.185876139513967,0,0,,1,1,1141224
238.5400317817755,5,9.0,5,0.8124359741486076,0,1,9.0,2,0,2107598
118.65164711061163,3,9.0,13,1.6935570000472446,1,1,7.0,3,0,1119285
240.62242789984646,3,35.0,9,3.2058789963210805,0,0,8.0,1,1,2024858
185.38759677277378,1,7.0,6,0.8438944104487063,1,0,6.0,3,1,1599840
121.87666120528661,5,19.0,3,1.3395548193386622,1,0,6.0,1,0,1133954
181.62038695277604,4,31.0,13,1.6674671300013992,0,0,9.0,2,0,1562493
198.6277224813365,5,13.0,3,0.2759425846761907,1,0,4.0,1,0,1725183
181.0904981108598,2,27.0,7,0.8655148630571383,0,0,5.0,3,0,1491486
71.48876400547718,6,23.0,6,,0,0,9.0,3,0,725462
113.64314120875656,4,14.0,9,3.8037166214795124,1,0,1.0,2,0,988477
137.62406822242477,3,21.0,6,2.4757204770657126,0,0,4.0,3,0,1120454
146.2783285449977,4,29.0,5,1.9312081109464676,1,1,7.0,3,0,1288734
181.0336048775339,3,3.0,10,0.7530938390715338,1,1,9.0,1,1,1674343
158.88505004666268,3,12.0,7,3.6427406175803476,1,0,10.0,3,1,1478887
83.23278206449494,4,22.0,1,2.6502582499202636,1,1,6.0,1,0,772748
169.00989255029816,3,7.0,12,0.9399053547211407,0,1,8.0,2,0,1540922
180.52928726419117,3,17.0,7,3.347972688027351,1,0,9.0,3,0,1596746
177.989522396552,2,11.0,3,2.8393655922657004,0,0,10.0,1,0,1555373
204.0390362777311,5,30.0,14,0.7797044759506462,0,1,4.0,3,1,1747269
191.6961077274452,5,13.0,9,1.8479326156036997,1,1,1.0,1,0,1645949
172.95900396142184,6,33.0,6,1.2608409076355946,0,1,8.0,2,1,1559773
146.49171442706765,6,17.0,9,5.9503069100474075,1,1,2.0,1,0,1283518
66.95195332420043,2,33.0,13,2.7976173246884883,1,0,1.0,3,1,537642
171.4809109566293,6,,5,2.2801430822723603,1,0,7.0,1,0,1527184
160.38438435815556,4,11.0,7,2.70899458411507,1,0,10.0,3,0,1480767
163.57894185976866,1,14.0,13,4.068743882296246,1,0,9.0,2,0,1428385
86.16257120898453,1,30.0,14,1.8749297833423015,0,0,9.0,1,1,768993
95.94717297958688,1,28.0,4,1.1151360532013657,1,0,3.0,3,1,834580
202.6576426666452,2,25.0,7,3.266424842146127,1,0,6.0,3,1,1726917
148.02224230716726,2,,13,1.737583150998032,0,1,7.0,3,1,1341231
184.07503486863123,3,31.0,1,0.3951570063792449,0,0,10.0,1,1,1591851
151.41591880652305,1,21.0,7,0.10297035236591245,0,0,,1,0,1315987
151.48780697478725,4,37.0,8,4.2939448262593,1,0,2.0,1,0,1145431
196.9141902987999,6,16.0,5,2.1974668503789268,0,0,8.0,2,1,1743001
124.19776358913131,4,22.0,2,1.1156489240113983,0,1,7.0,3,1,1123998
154.80603884704917,6,23.0,5,1.6484976334369046,0,1,4.0,3,1,1388767
126.88623556474788,1,7.0,6,3.2111670770125276,0,1,2.0,2,0,1050158
128.27518862838423,1,5.0,12,1.5598917262369323,1,0,8.0,2,0,1185240
134.54139382656803,1,,2,0.1,1,0,5.0,1,1,1224574
161.10668858168563,2,28.0,14,2.488761278221887,1,0,6.0,1,0,1342884
126.06256891682614,6,27.0,6,3.8125217263603446,1,0,7.0,1,0,1130257
212.78780627867604,2,10.0,6,3.7121964769583764,0,1,10.0,1,1,1890681
105.26963488902481,2,0.0,1,1.1610050927941322,1,1,1.0,1,1,978501
140.65641779193206,5,18.0,14,3.903758984687569,0,1,8.0,1,0,1237306
128.01344708629125,4,8.0,1,2.319424960507434,0,0,4.0,2,1,1130717
222.34889421768665,4,26.0,14,3.86172101581809,1,1,9.0,2,1,1968014
159.82773882557873,3,33.0,11,2.8605305450038303,1,0,1.0,2,1,1321793
201.59222697343174,2,3.0,10,0.1,0,1,2.0,3,1,1746891
,6,35.0,3,4.62010840626252,0,0,6.0,3,0,649019
163.35251329346295,5,17.0,14,2.07767577679843,1,0,10.0,1,0,1503554
194.48153978117185,5,14.0,10,2.8651907358707254,1,0,1.0,2,0,1626193
154.1141994637712,4,12.0,10,0.1,1,1,4.0,3,0,1426108
203.27401875326757,2,18.0,12,2.7579897501170976,0,0,8.0,3,0,1767502
124.13557749498139,3,5.0,3,3.65439159911399,1,0,10.0,2,0,1177743
220.467372009279,2,11.0,4,4.902980504897606,0,1,5.0,3,0,1834866
264.9449061809625,1,36.0,2,4.100599692192924,1,0,9.0,3,0,2184572
131.85807197801705,2,16.0,9,2.831337055919059,1,0,6.0,2,0,1169652
127.7248739299614,1,22.0,10,0.1,1,0,1.0,3,1,1081488
222.66922385588504,1,25.0,12,2.198409185746132,1,0,6.0,2,0,1848810
228.97860728653563,3,28.0,11,1.1112356521806046,1,1,6.0,3,0,1945748
123.85699864233658,6,32.0,14,2.35246681222437,1,1,6.0,2,0,1139330
128.99065914520713,4,26.0,7,0.17551125080735153,1,0,8.0,3,0,1188499
135.91076955697463,2,24.0,7,1.6847496383121476,1,1,6.0,3,1,1207206
82.77747444828614,1,9.0,6,1.2242253742908973,1,0,5.0,2,0,740932
104.06740267579009,2,22.0,3,1.1777504660461304,0,0,2.0,3,0,820597
99.7929616623966,6,20.0,6,1.1926457210132686,1,0,4.0,2,0,937133
111.61012174479359,4,20.0,14,1.7962179254176331,1,0,10.0,2,0,1076282
148.26575563066095,6,12.0,12,2.429292138572033,0,0,5.0,3,0,1333020
161.71073662682605,4,36.0,8,0.1,0,1,10.0,1,0,1420176
227.52502464070386,5,32.0,8,0.1,1,1,4.0,3,0,1924381
100.08229796306046,4,23.0,11,1.4919629901171874,0,0,2.0,1,1,839318
199.21611992382918,3,10.0,13,1.7033464329415784,0,0,7.0,1,1,1744924
139.30055778872455,6,16.0,9,2.283666824905911,0,1,10.0,3,0,1291562
147.52681451737834,1,3.0,1,0.9084914677156637,1,1,10.0,1,0,1355767
183.7409746083302,5,24.0,14,2.0141977910340225,0,1,2.0,2,0,1598143
93.86389892188507,3,29.0,1,2.1897848075270825,1,0,,2,0,728422
169.12048730920253,2,8.0,3,0.8981628547017928,0,1,5.0,1,0,1439184
158.3226104106528,6,20.0,3,3.5201837326116516,0,0,1.0,2,1,1288962
174.62256320040746,1,19.0,10,2.265479467182591,1,0,1.0,3,0,1424182
164.4584321953909,4,18.0,8,2.8204416431949353,0,0,1.0,2,1,1411435
272.7650069955447,1,18.0,10,2.103268596925779,1,0,6.0,1,0,2267632
118.1130007874342,2,11.0,1,5.1555096545925805,0,0,9.0,3,1,1053384
123.45015224990911,5,36.0,13,2.8945956036764806,1,0,10.0,2,1,1196073
118.84297367876178,5,16.0,2,1.268010025689162,1,0,1.0,3,1,1033753
122.22614404198727,6,36.0,2,3.2314503265526007,1,1,5.0,1,0,1067036
118.13064363467412,5,38.0,3,0.1,0,0,9.0,2,1,1065543
209.4508265553776,6,27.0,13,2.1794003940006563,1,0,9.0,3,1,1881231
221.02521239949274,6,34.0,6,2.478740435137986,1,0,1.0,3,1,1861514
121.46268531252619,6,17.0,1,2.1965311431180474,1,1,8.0,2,0,1137490
108.38222134478856,4,13.0,2,1.4993316937416692,0,0,1.0,3,1,953316
173.5707778193202,3,34.0,13,0.48158996474447724,1,0,8.0,3,0,1513427
122.38884778595144,6,6.0,13,0.8159794819235562,1,0,1.0,1,0,1105163
181.64659088777555,6,12.0,1,2.1531123743710756,1,1,5.0,1,1,1675948
160.14615104256498,3,17.0,5,,1,1,8.0,1,0,1434895
74.2127942501384,1,36.0,13,4.65525142347091,1,0,6.0,1,0,598687
227.37526006650307,6,12.0,13,0.1,1,0,9.0,1,0,2025649
239.7938836547761,4,35.0,7,1.5148431986830941,0,1,1.0,1,1,1938966
119.36056547578069,5,30.0,8,2.1655844586615456,1,0,9.0,2,0,1143255
130.6149220032008,5,1.0,10,2.761131391749933,1,0,1.0,1,0,1161776
,2,15.0,1,0.6261129091063593,1,0,10.0,3,0,1486711
166.72283949935124,2,8.0,7,3.7014421908323185,0,0,10.0,2,1,1508182
182.92721363364151,5,8.0,13,0.1,0,0,3.0,3,0,1601990
250.5102269383175,5,37.0,5,1.150807117088648,0,0,1.0,1,1,2007684
141.15263862529753,4,10.0,10,2.931121332919136,1,1,3.0,1,0,1261217
110.08513777307732,3,21.0,1,3.5602828471891286,1,1,2.0,3,1,960374
81.03403859927364,2,32.0,3,0.1,1,0,2.0,3,1,689835
113.45349800290404,3,35.0,7,5.967555185622738,1,1,9.0,3,0,1020685
148.34365135631015,4,22.0,10,0.6537626552491855,1,0,8.0,2,0,1340131
239.7278931758894,5,33.0,1,0.1,0,0,1.0,1,1,1966288
124.11943504819143,6,8.0,7,2.7540723376598857,0,0,4.0,3,0,1127084
161.18939758194492,3,23.0,5,1.4775598196278144,0,1,1.0,1,0,1279351
149.1788551963624,5,7.0,1,1.2559215311903835,1,1,1.0,3,1,1287868
209.4196636724042,5,6.0,1,2.893466086354579,0,1,4.0,1,1,1777447
276.3466212936811,1,35.0,14,0.1,1,1,2.0,2,0,2208654
123.45656135398397,3,17.0,1,0.1,1,0,3.0,1,0,1064183
125.52802787408889,6,2.0,11,1.1038649522851578,0,1,9.0,3,0,6024974
202.2080438534536,3,,9,3.616852609179988,1,1,2.0,1,0,1615247
184.09457448131556,5,5.0,11,1.1689170598808245,1,1,4.0,2,1,1685787
242.33536628680167,6,20.0,13,4.398735026792922,1,0,1.0,2,1,2024856
179.1964092662982,4,27.0,3,3.8015221417578355,0,0,2.0,1,1,1456421
132.035395460647,1,39.0,13,2.424419276761227,0,0,5.0,3,0,1059653
179.53274153461547,5,0.0,5,2.5095857890621356,1,0,10.0,2,0,1682067
205.4351790291454,2,35.0,11,2.4230039375252836,0,0,1.0,2,0,1551932
191.0241090598682,2,20.0,10,2.23957659302315,1,0,7.0,1,0,1625184
175.36370155536488,1,34.0,12,1.4506374537827307,1,0,4.0,2,1,1448876
203.3337344794577,4,12.0,9,1.6247182501892556,0,0,6.0,2,0,1723239
208.46477952228364,5,9.0,6,0.39505976511112695,0,0,,3,1,1832809
219.10794955187635,3,9.0,12,0.1,0,0,6.0,3,1,1918890
182.43549437948212,1,12.0,9,3.6561059139230747,1,1,2.0,3,1,1577517
141.64409598415727,4,36.0,8,2.2358876551779474,0,0,1.0,1,1,1078631
157.33568432166615,3,,8,2.009317033432679,0,0,8.0,2,1,1316961
210.32544832541782,2,23.0,1,2.597673684286819,0,1,8.0,1,0,1753453
109.1532164506382,2,1.0,13,0.7574038178095264,1,0,9.0,2,0,1100665
168.43366544364505,3,21.0,9,0.49840667992335064,0,0,6.0,2,0,1429235
130.33305938363196,1,16.0,6,1.574472959482771,0,0,1.0,2,0,1079689
151.4372411467409,2,35.0,9,4.052147722645719,1,0,9.0,3,1,1279175
213.92259313036493,5,13.0,3,0.2468884572603105,1,1,3.0,1,1,1832067
159.55495340099517,6,9.0,12,0.1,1,0,,1,0,1494994
152.32182740780743,3,34.0,3,1.217898362271871,0,0,10.0,2,0,1250839
82.00719295100404,3,24.0,6,3.7140498743527743,0,0,10.0,1,0,750576
187.31267830136102,2,2.0,9,0.1,0,0,9.0,3,1,1696811
182.27420905705378,1,,7,0.2295745942656926,0,1,3.0,1,1,1447337
258.16273616527303,5,16.0,14,2.395320110867253,1,0,5.0,2,1,2227606
134.61108825234996,1,11.0,13,5.854860553213002,1,0,5.0,3,0,1132268
160.95751638319695,4,23.0,3,0.1,1,0,10.0,3,0,1457493
162.46918418553776,4,28.0,3,0.1,1,0,7.0,2,1,1440302
228.8726639881737,6,24.0,2,2.508047553258778,1,0,4.0,1,1,1937592
145.2352233806524,2,35.0,9,3.8070116599905566,1,1,4.0,2,0,1180727
163.95107628851696,2,25.0,13,1.0638519315114348,1,1,7.0,1,1,1458181
180.39482548582697,2,37.0,3,0.1,1,1,9.0,1,0,1568550
159.3304561578179,6,0.0,11,2.650623831329519,1,1,4.0,3,1,1513115
127.67831927247359,4,19.0,5,2.92226209595446,1,1,4.0,2,1,1170448
159.7044996449154,1,27.0,14,4.667982689807372,1,0,6.0,3,1,1339969
203.6815874929886,6,15.0,14,2.985420668486418,0,1,6.0,2,0,1763888
98.67423502944699,6,16.0,9,3.2420991145585694,0,1,7.0,2,0,956523
156.64848370734381,1,39.0,8,1.6067822841981414,0,1,1.0,3,1,1236663
114.99395925304134,2,27.0,2,5.662256513254202,1,0,3.0,2,1,961244
209.75233144624212,5,11.0,3,1.402786984117295,0,0,9.0,2,0,1869305
73.84065476081126,1,26.0,2,1.0821168178823448,0,1,6.0,1,1,666850
122.05390763642058,4,29.0,8,4.71427237777791,0,1,6.0,2,0,1056064
168.86059375322606,3,33.0,6,0.1,1,1,5.0,2,1,1394577
228.27620146171702,3,36.0,6,0.1,0,0,3.0,3,1,1874300
146.71248694635062,6,5.0,12,2.179335386897727,0,0,5.0,3,0,1362523
122.24002366534009,3,6.0,9,1.997395215086457,0,0,1.0,2,0,1013505
244.0578534720295,5,31.0,8,1.6581680276740067,0,1,3.0,1,0,2003373
77.5993049791878,2,31.0,4,3.4908946356824777,1,0,4.0,1,0,605013
40.0597021689959,4,24.0,12,0.6376907265671443,1,0,5.0,3,0,467926
172.00072250266663,5,32.0,4,2.0962506884370113,1,1,10.0,2,1,1542116
124.89728878236944,4,6.0,9,1.4598410710427197,0,0,9.0,2,1,1184642
98.93835914346434,4,,1,0.6631722498398738,1,1,4.0,1,0,913920
185.41782236496766,2,15.0,13,1.9072398740589749,1,0,3.0,1,0,1600073
162.19003568855993,6,15.0,2,3.278893704942654,1,1,10.0,1,0,1520383
121.79606846316358,3,35.0,2,5.180852180645752,1,0,1.0,3,0,981174
85.98478006645529,2,,13,2.8691284743484538,1,1,10.0,2,0,838663
193.62286641400723,5,6.0,13,0.1,0,1,6.0,3,1,1752797
182.51005889793305,6,35.0,6,1.9427898718375267,0,0,7.0,2,1,1597310
145.04120681103086,5,8.0,4,2.0747041863542486,1,0,10.0,3,0,1347529
242.3318498023833,6,31.0,13,3.4043135143699246,1,0,8.0,2,1,2091987
96.49576168369236,5,10.0,11,2.2772154537346085,1,1,1.0,1,1,958855
73.72374145376305,2,7.0,10,3.879633375953115,0,1,4.0,1,0,646484
115.40459650593777,6,32.0,13,2.5875059234229076,1,0,5.0,1,1,1011117
147.7206991822251,6,22.0,3,4.338197104246833,1,0,2.0,3,1,1287010
162.16697246613458,4,24.0,3,1.3418811199275598,1,0,1.0,1,0,1297006
137.9381971071835,4,7.0,3,2.216515200945041,0,1,8.0,2,0,1291518
167.60276982571483,1,21.0,6,3.2399623030848446,0,1,6.0,3,1,1408005
87.42302879047779,5,3.0,14,1.1417088945598348,0,0,5.0,2,1,867346
222.18823020366295,4,39.0,8,0.814980796878386,0,0,9.0,3,0,1868574
145.89244108037155,1,,11,1.0559718504699724,1,0,2.0,2,0,1255603
205.8647915794064,4,28.0,7,0.8761765743666166,1,0,10.0,2,0,1804956
,5,28.0,14,2.783842881312991,1,0,8.0,3,1,1525249
172.8376609576892,6,33.0,4,0.1,1,0,10.0,3,0,1556556
178.4883640116102,3,33.0,11,0.1,1,0,9.0,1,1,1544878
172.38542800086574,5,27.0,12,4.794119738535894,1,0,1.0,1,0,1425341
182.1361379933772,2,12.0,4,0.9123549185387336,1,0,7.0,2,0,1571922
216.45762650662158,4,14.0,11,2.3000222767576224,0,0,8.0,2,0,1851879
159.8260584850735,4,22.0,10,0.1,0,0,3.0,2,0,1350662
185.4501878794256,6,25.0,11,2.1411864016839144,0,1,4.0,3,0,1562899
145.51321528563867,2,3.0,11,0.9214899984778939,0,1,3.0,3,0,1293551
222.00586077247362,6,25.0,14,0.1,1,0,7.0,1,0,1946162
116.18038489703652,2,39.0,11,4.00538065634707,0,0,9.0,2,0,982836
240.04702164554078,3,8.0,2,3.773848590591307,1,1,3.0,1,0,7192313
147.99210246778284,4,4.0,14,1.8389678139289753,0,1,6.0,3,0,1393722
78.46124489409759,4,31.0,1,3.499128549016867,1,0,8.0,3,1,760290
156.40522074553945,3,19.0,9,4.854939031590741,0,0,6.0,3,1,1344866
115.94741712625596,1,10.0,12,3.131113899737134,1,0,2.0,1,1,1036864
192.0321774494362,6,14.0,12,2.7195196092649447,1,0,7.0,3,0,1732406
117.36880103488045,3,31.0,2,2.2984245447249645,0,0,2.0,2,0,910196
127.69082833926102,6,27.0,13,2.9742460472888594,1,0,2.0,1,0,1099209
55.522963452723445,5,21.0,8,1.4541209097655452,0,1,2.0,3,0,523771
127.38468403754617,4,16.0,9,1.5850461962578302,0,0,1.0,1,1,1090870
40.0,6,25.0,4,2.6763370628187726,0,0,1.0,1,0,370003
70.80485882571384,2,6.0,8,1.2892026947607067,0,0,7.0,3,0,697965
188.02073280721487,6,25.0,9,1.4513004908097464,0,0,5.0,3,0,1617358
189.2900079325416,5,24.0,10,2.00027999695246,1,0,3.0,1,1,1638274
,4,9.0,10,3.7259113258896037,0,0,1.0,1,1,1464121
101.65119284353935,3,18.0,5,0.3010043696605287,0,1,10.0,3,0,972749
147.614432192901,5,10.0,13,,0,0,6.0,2,0,1322252
149.81987304547158,4,12.0,14,3.187694619205206,1,1,1.0,1,1,1338103
92.08176554037286,6,7.0,7,3.178718013945214,0,1,9.0,1,1,963823
225.16991508835753,1,39.0,10,0.7898804296857667,0,0,2.0,2,0,1719798
193.86811452878356,1,3.0,4,0.1,0,0,1.0,3,0,1625799
138.95179130851682,2,30.0,1,2.839550708617133,1,0,7.0,3,1,1210356
151.34429194972654,4,27.0,3,2.281308176620943,1,1,6.0,2,1,1356383
160.41914039737762,1,,5,3.506564952144698,1,1,6.0,3,0,1378458
47.913256578785465,3,0.0,3,0.9491947579856923,0,1,5.0,3,0,539760
137.64113087397016,4,37.0,12,3.1401775643845418,0,0,4.0,1,1,1148875
115.90078760011008,3,23.0,13,3.581618168329117,1,1,4.0,1,1,1015942
,3,30.0,11,1.857035418425974,1,0,3.0,1,1,850085
135.94498535570224,1,25.0,7,2.6253942548972247,1,0,10.0,2,1,1232766
239.88432634247613,4,4.0,12,2.5729496862861425,1,0,8.0,3,0,2113149
182.0421430633505,6,19.0,9,0.7677957064555248,0,0,7.0,3,1,1636025
121.44105051086015,5,10.0,12,2.796644903426911,0,1,9.0,1,0,1135463
178.62913906780793,1,32.0,6,4.433747511351521,1,0,1.0,1,1,6524143
